Code;Libellé;Taux d'évolution annuel de la population 2015-2021;Taux d'évolution annuel de la population due au solde naturel 2015-2021;Taux d'évolution annuel de la population due au solde migratoire apparent 2015-2021
01033;Valserhône;-0.01;0.48;-0.49
01034;Belley;0.33;-0.32;0.66
01072;Ceyzériat;0.87;-0.15;1.03
01074;Chalamont;1.03;-0.16;1.19
01143;Divonne-les-Bains;1.47;0.43;1.04
01173;Gex;1.89;1.03;0.86
01185;Plateau d'Hauteville;-0.42;-0.88;0.47
01202;Lagnieu;0.58;0.19;0.39
01244;Meximieux;0.92;0.29;0.62
01265;Montréal-la-Cluse;0.64;0.29;0.34
01266;Montrevel-en-Bresse;0.93;-1.28;2.2
01269;Nantua;-0.36;-0.48;0.12
01303;Poncin;0.4;0.25;0.15
01304;Pont-d'Ain;0.02;-0.27;0.29
01305;Pont-de-Vaux;-0.79;-1.41;0.62
01306;Pont-de-Veyle;0.38;-1.24;1.63
01333;Saint-André-de-Corcy;1.23;-0.02;1.25
01350;Saint-Étienne-du-Bois;0.14;0.37;-0.24
01388;Saint-Trivier-de-Courtes;0.33;-1.94;2.28
01420;Thoissey;-0.56;-1.55;0.99
01443;Villars-les-Dombes;1.77;-0.01;1.78
01457;Vonnas;1.59;0.09;1.5
02018;Anizy-le-Grand;0.11;0.05;0.06
02095;Bohain-en-Vermandois;0.15;-0.46;0.61
02110;Braine;-0.09;-0.92;0.83
02141;La Capelle;-0.41;-1.08;0.67
02173;Chauny;-0.48;-0.05;-0.43
02304;La Fère;-0.02;-0.77;0.74
02305;Fère-en-Tardenois;-1.19;-0.57;-0.62
02307;La Ferté-Milon;-0.61;-0.29;-0.31
02334;Fresnoy-le-Grand;-0.12;0.02;-0.14
02360;Villeneuve-sur-Aisne;0.88;0.21;0.67
02361;Guise;-1.35;-0.83;-0.52
02381;Hirson;-0.92;-0.34;-0.58
02430;Liesse-Notre-Dame;-0.38;-1.52;1.14
02468;Marle;-0.44;-1.04;0.6
02502;Montcornet;-1.59;-0.13;-1.47
02543;Neuilly-Saint-Front;-0.9;-0.06;-0.84
02558;Le Nouvion-en-Thiérache;-1.05;-0.88;-0.17
02602;Pinon;-1.09;-0.01;-1.08
02666;Rozoy-sur-Serre;-1;-1.1;0.1
02676;Saint-Erme-Outre-et-Ramecourt;-0.71;0.39;-1.11
02720;Sissonne;-0.26;0.29;-0.55
02738;Tergnier;-0.37;0.06;-0.43
02758;Vailly-sur-Aisne;0.08;-0.32;0.41
02789;Vervins;0.64;-0.23;0.87
02810;Villers-Cotterêts;-0.77;0.22;-0.99
03036;Bourbon-l'Archambault;-0.01;-1.91;1.9
03043;Broût-Vernet;0.08;-0.26;0.35
03082;Commentry;-0.72;-0.77;0.05
03084;Cosne-d'Allier;-0.25;-1.58;1.33
03102;Dompierre-sur-Besbre;-0.44;-0.95;0.5
03118;Gannat;-0.24;-0.72;0.49
03128;Huriel;-0.52;0.02;-0.54
03138;Lapalisse;0.38;-1.63;2
03161;Marcillat-en-Combraille;0.15;-0.67;0.81
03186;Montmarault;0.1;-1.5;1.6
03195;Néris-les-Bains;-0.9;-1.07;0.17
03236;Saint-Germain-des-Fossés;-0.46;-0.28;-0.18
03254;Saint-Pourçain-sur-Sioule;-0.31;-1.04;0.73
03292;Tronget;-0.44;-0.61;0.17
03298;Varennes-sur-Allier;0.19;-0.6;0.79
04008;Annot;-0.52;-0.32;-0.19
04018;Banon;1.64;-1.36;3
04019;Barcelonnette;-0.53;-0.88;0.34
04039;Castellane;-0.96;-0.53;-0.43
04049;Château-Arnoux-Saint-Auban;-0.33;-0.2;-0.13
04088;Forcalquier;0.45;-1.01;1.46
04143;Oraison;0.36;-0.84;1.19
04166;Riez;-1.76;-1.15;-0.61
04173;Saint-André-les-Alpes;0.67;-1.43;2.1
04205;Seyne;0.07;-1.39;1.47
04209;Sisteron;1.09;-0.38;1.47
05006;L'Argentière-la-Bessée;-0.29;-0.15;-0.14
05017;La Bâtie-Neuve;0.71;0.45;0.26
05040;Chorges;1.46;0.08;1.38
05046;Embrun;0.6;-0.81;1.41
05050;Espinasses;1.73;-2.59;4.32
05065;Guillestre;-0.07;-0.55;0.49
05070;Laragne-Montéglin;0.62;-1.2;1.81
05132;Saint-Bonnet-en-Champsaur;0.48;-0.02;0.5
05166;Serres;0.32;-2.22;2.55
05170;Tallard;1.21;-0.04;1.25
05179;Veynes;0.41;-0.86;1.27
06023;Breil-sur-Roya;-0.48;-1.23;0.75
06099;Puget-Théniers;-0.76;-0.87;0.11
06103;Roquebillière;0.12;-1.78;1.9
06130;Saint-Vallier-de-Thiey;0.66;0.15;0.51
06136;Sospel;0.09;-1.6;1.7
06163;Tende;-1.21;-1.84;0.63
07042;Bourg-Saint-Andéol;0.35;-0.45;0.79
07064;Le Cheylard;-1.17;-1.38;0.2
07132;Largentière;-1.64;-0.82;-0.83
07181;Le Pouzin;0.31;-0.21;0.52
07201;Ruoms;0.19;-1.59;1.78
07204;Saint-Agrève;-0.66;-1.07;0.41
07319;Le Teil;0.87;0.1;0.78
07324;Tournon-sur-Rhône;1.35;-0.24;1.59
07330;Vallon-Pont-d'Arc;0.71;-1.36;2.06
07334;Les Vans;-0.08;-0.99;0.91
07341;Villeneuve-de-Berg;0.35;-1.46;1.81
07346;Viviers;-0.24;-0.88;0.63
07349;La Voulte-sur-Rhône;-1.07;-0.66;-0.41
08025;Attigny;-0.62;-0.22;-0.4
08081;Bogny-sur-Meuse;-0.76;-0.08;-0.68
08090;Carignan;-0.7;-1.06;0.36
08185;Fumay;-1.57;-0.87;-0.7
08190;Givet;-0.9;-0.43;-0.47
08302;Monthermé;-1.27;-0.68;-0.59
08311;Mouzon;-0.88;-0.76;-0.12
08328;Nouzonville;-1.16;-0.36;-0.8
08362;Rethel;-0.74;-0.13;-0.61
08363;Revin;-1.88;-0.42;-1.46
08367;Rocroi;-0.83;-0.64;-0.19
08419;Signy-l'Abbaye;-0.18;-1.08;0.9
08420;Signy-le-Petit;-1.19;-1.19;0
08486;Vireux-Molhain;-0.98;-0.23;-0.75
08490;Vouziers;-1.45;-1.06;-0.39
08491;Vrigne aux Bois;-0.64;0.02;-0.66
09032;Ax-les-Thermes;0.69;-1.1;1.8
09160;Lavelanet;-0.46;-0.76;0.3
09167;Lézat-sur-Lèze;0.14;-1.53;1.68
09185;Mazères;0.18;-0.76;0.95
09194;Mirepoix;-0.22;-1.02;0.8
09261;Saint-Girons;-0.2;-0.83;0.63
09282;Saverdun;0.28;-0.24;0.52
09306;Tarascon-sur-Ariège;-1.04;-1.24;0.2
10003;Aix-Villemaur-Pâlis;-0.69;-0.76;0.07
10006;Arcis-sur-Aube;-0.38;-1;0.62
10033;Bar-sur-Aube;-0.77;-0.55;-0.22
10034;Bar-sur-Seine;-0.99;-1.63;0.64
10064;Brienne-le-Château;-0.99;-1.48;0.49
10080;Chaource;-1.03;-1;-0.03
10140;Ervy-le-Châtel;-1.48;-3.71;2.23
10268;Nogent-sur-Seine;-0.44;0.1;-0.54
10323;Romilly-sur-Seine;0.31;-0.06;0.37
10401;Vendeuvre-sur-Barse;-0.47;-1.03;0.57
10420;Villenauxe-la-Grande;-0.55;-0.74;0.19
11049;Bram;-0.08;-0.89;0.81
11076;Castelnaudary;2.13;-0.53;2.66
11091;Chalabre;0.49;-2.31;2.8
11103;Couiza;0.03;-2.69;2.72
11106;Coursan;-0.27;-0.21;-0.06
11116;Cuxac-d'Aude;0.36;-0.56;0.92
11129;Espéraza;-2.2;-2.17;-0.03
11170;Gruissan;0.33;-0.93;1.26
11203;Lézignan-Corbières;-0.5;-0.43;-0.06
11206;Limoux;0.14;-0.89;1.03
11266;Port-la-Nouvelle;0.81;-1.03;1.84
11304;Quillan;-1.4;-1.26;-0.13
11315;Rieux-Minervois;-0.21;-0.99;0.78
11379;Sigean;0.36;-0.26;0.63
11397;Trèbes;-0.52;-0.21;-0.31
12052;Capdenac-Gare;-0.5;-0.84;0.34
12056;Baraqueville;0.12;0.41;-0.29
12089;Decazeville;-1.28;-1.2;-0.08
12094;Entraygues-sur-Truyère;-1.02;-2.93;1.91
12096;Espalion;0.29;-0.9;1.18
12119;Laguiole;-0.18;-1.29;1.11
12120;Laissac-Sévérac l'Église;0.57;-0.77;1.33
12138;Marcillac-Vallon;0.35;-1.14;1.49
12164;Mur-de-Barrez;-2.15;-3.58;1.43
12169;Naucelle;0.27;-1.15;1.42
12185;Pont-de-Salars;-0.16;-1.37;1.21
12197;Réquista;-0.37;-1.5;1.13
12198;Rieupeyroux;-0.48;-1.05;0.57
12199;Rignac;0.75;-0.51;1.26
12208;Saint-Affrique;-0.5;-0.65;0.15
12209;Saint-Amans-des-Cots;-0.2;-2.52;2.33
12224;Saint Geniez d'Olt et d'Aubrac;-0.06;-1.89;1.83
12270;Sévérac d'Aveyron;-0.22;-0.39;0.17
12298;Villecomtal;1.11;-0.16;1.28
13014;Berre-l'Étang;0.53;0.29;0.24
13027;Châteaurenard;1.08;0.38;0.7
13050;Lambesc;0.7;-0.06;0.75
13078;Port-Saint-Louis-du-Rhône;-0.28;0.05;-0.33
13084;La Roque-d'Anthéron;-0.28;0.08;-0.36
13097;Saint-Martin-de-Crau;0.07;0.28;-0.21
13100;Saint-Rémy-de-Provence;-0.27;-0.54;0.27
13105;Sénas;-0.44;0.21;-0.66
13110;Trets;-0.44;0.29;-0.73
14027;Les Monts d'Aunay;-0.66;-0.13;-0.53
14035;Balleroy-sur-Drôme;-1.04;-0.42;-0.62
14047;Bayeux;-1.11;-0.64;-0.47
14061;Souleuvre en Bocage;-0.03;0.18;-0.21
14098;Thue et Mue;1.6;0.96;0.64
14100;Bretteville-sur-Laize;0.89;-0.04;0.94
14126;Cambremer;-0.6;-0.81;0.21
14143;Caumont-sur-Aure;0.31;-0.32;0.63
14174;Condé-en-Normandie;-1.72;-0.87;-0.85
14191;Courseulles-sur-Mer;0.08;-1.72;1.79
14200;Creully sur Seulles;-0.73;0.13;-0.86
14225;Dives-sur-Mer;-1.7;-0.49;-1.21
14228;Douvres-la-Délivrande;-0.3;-0.46;0.16
14229;Dozulé;0.23;-1.15;1.39
14257;Évrecy;0.11;-0.57;0.67
14258;Falaise;-0.96;-0.67;-0.29
14312;Grandcamp-Maisy;-1.04;-2.06;1.02
14333;Honfleur;-1.61;-0.19;-1.42
14342;Isigny-sur-Mer;-0.48;-0.68;0.2
14370;Le Molay-Littry;0.03;-0.56;0.59
14371;Livarot-Pays-d'Auge;-0.83;-0.36;-0.47
14384;Luc-sur-Mer;0.5;-1.17;1.68
14431;Mézidon Vallée d'Auge;-0.58;0.19;-0.78
14478;Orbec;-1.63;-1.41;-0.22
14488;Ouistreham;0.28;-0.86;1.13
14514;Pont-l'Évêque;0.46;-1.05;1.51
14515;Port-en-Bessin-Huppain;-0.39;-1.3;0.91
14516;Potigny;0.15;-0.65;0.81
14654;Saint-Pierre-en-Auge;-1.2;-0.63;-0.57
14658;Noues de Sienne;-0.68;-0.51;-0.17
14689;Thury-Harcourt-le-Hom;-0.4;-0.18;-0.22
14692;Tilly-sur-Seulles;1.11;0.78;0.33
14711;Trévières;-0.16;-1.42;1.26
14726;Valdallière;-0.98;0.03;-1.01
14752;Villers-Bocage;0.13;-1.09;1.22
14754;Villers-sur-Mer;-1.59;-1;-0.6
14764;Pont-d'Ouilly;-0.95;-0.33;-0.62
15001;Allanche;0.75;-2.13;2.89
15045;Chaudes-Aigues;-1.47;-2.13;0.66
15054;Condat;-0.82;-1.97;1.15
15083;Jussac;0.09;-0.09;0.18
15094;Laroquebrou;-1.75;-3.55;1.81
15119;Massiac;0.73;-1.58;2.31
15120;Mauriac;-0.7;-1.65;0.95
15122;Maurs;-0.47;-1.85;1.38
15134;Montsalvy;-0.75;-2.92;2.17
15138;Murat;-1.41;-2.32;0.91
15140;Naucelles;1.38;0.21;1.17
15141;Neussargues en Pinatelle;-2.04;-1.42;-0.62
15152;Pierrefort;0.07;-1.7;1.78
15153;Pleaux;-0.65;-1.52;0.87
15162;Riom-ès-Montagnes;-1.08;-1.54;0.46
15175;Saint-Cernin;-0.5;-0.29;-0.2
15187;Saint-Flour;-0.53;-0.39;-0.13
15202;Saint-Martin-Valmeroux;-1.83;-0.64;-1.19
15204;Saint-Paul-des-Landes;-0.07;0.2;-0.26
15215;Saint-Simon;-0.58;0.16;-0.74
15221;Sansac-de-Marmiesse;0.18;0.49;-0.31
15255;Vézac;1.65;0.38;1.26
15258;Vic-sur-Cère;0.1;-1.61;1.7
15265;Ydes;-1.49;-1.65;0.17
15267;Ytrac;0.54;-0.03;0.57
15268;Le Rouget-Pers;0.14;-1.87;2.02
16005;Aigre;-0.3;-2.08;1.78
16028;Barbezieux-Saint-Hilaire;0.16;-1.17;1.33
16073;Chalais;0.08;-1.56;1.64
16090;Châteauneuf-sur-Charente;0.21;-0.82;1.03
16106;Confolens;0.07;-2.7;2.77
16167;Jarnac;0.17;-1.2;1.38
16192;Terres-de-Haute-Charente;-0.6;-0.95;0.35
16206;Mansle-les-Fontaines;0.24;-1.37;1.6
16223;Montbron;-0.52;-1.65;1.13
16230;Montmoreau;-0.81;-1.27;0.47
16281;La Rochefoucauld-en-Angoumois;-0.1;-0.52;0.42
16286;Rouillac;-0.23;-0.94;0.72
16292;Ruffec;-0.6;-1.34;0.73
16366;Segonzac;-0.24;-0.63;0.39
16408;Villebois-Lavalette;-0.95;-2.64;1.7
17024;Aulnay;-1.34;-1.41;0.07
17127;Courçon;2.1;0.43;1.67
17172;Gémozac;0.91;-0.81;1.72
17197;Jonzac;0.47;-1.25;1.72
17218;Marans;-0.19;-0.96;0.77
17219;Marennes-Hiers-Brouage;-0.31;-1.06;0.75
17224;Matha;0.11;-1.05;1.17
17236;Mirambeau;0.44;-1.18;1.62
17240;Montendre;0.09;-0.91;1
17241;Montguyon;-0.27;-0.94;0.66
17283;Pons;0.61;-0.85;1.45
17284;Pont-l'Abbé-d'Arnoult;-0.13;-0.31;0.19
17309;Saint-Aigulin;-0.06;-0.63;0.56
17331;Saint-Genis-de-Saintonge;-0.2;-2.05;1.85
17347;Saint-Jean-d'Angély;-0.96;-1.51;0.55
17385;Saint-Pierre-d'Oléron;-0.31;-1.07;0.77
17387;Saint-Porchaire;0.78;-0.56;1.33
17397;Saint-Savinien;0.18;-1.3;1.48
17421;Saujon;-0.04;-1.15;1.1
17434;Surgères;0.18;-0.53;0.72
18003;Les Aix-d'Angillon;-0.29;-0.79;0.5
18015;Aubigny-sur-Nère;-0.19;-0.91;0.72
18018;Avord;1.34;0.45;0.89
18023;Baugy;-1.02;0.05;-1.07
18057;Châteaumeillant;-2.09;-1.83;-0.25
18058;Châteauneuf-sur-Cher;-0.79;-1.22;0.43
18087;Dun-sur-Auron;-1.75;-1.15;-0.6
18108;La Guerche-sur-l'Aubois;-0.82;-0.97;0.15
18109;Henrichemont;-0.84;-1.27;0.43
18127;Lignières;-0.45;-1.85;1.39
18141;Mehun-sur-Yèvre;-0.5;-0.68;0.19
18197;Saint-Amand-Montrond;-0.79;-1.3;0.52
18207;Saint-Florent-sur-Cher;-0.64;-0.75;0.11
18223;Saint-Martin-d'Auxigny;1.14;0.37;0.78
18233;Saint-Satur;-0.66;-1.47;0.81
18241;Sancerre;-1.16;-1.14;-0.01
18242;Sancoins;-0.97;-1.14;0.17
19010;Argentat-sur-Dordogne;-1.2;-1.54;0.35
19011;Arnac-Pompadour;0.36;-1.43;1.79
19019;Beaulieu-sur-Dordogne;-0.53;-3.1;2.57
19023;Beynat;-0.49;-1.29;0.8
19028;Bort-les-Orgues;-1.28;-1.64;0.36
19036;Chamberet;0.59;-2.27;2.86
19073;Égletons;0.07;-0.5;0.57
19121;Lubersac;0.2;-0.97;1.17
19138;Meyssac;-0.42;-1.86;1.44
19148;Neuvic;-0.62;-2.12;1.5
19269;Treignac;-1.07;-2.72;1.65
19275;Ussel;-1.09;-0.28;-0.82
19276;Uzerche;-0.53;-1.15;0.62
21023;Arnay-le-Duc;-1.3;-2.32;1.02
21038;Auxonne;-0.31;-0.36;0.05
21103;Brazey-en-Plaine;-0.09;-0.08;-0.01
21154;Châtillon-sur-Seine;-0.02;-0.85;0.83
21292;Genlis;-0.56;-0.03;-0.53
21317;Is-sur-Tille;-0.34;-0.21;-0.13
21425;Montbard;-1.77;-0.89;-0.88
21501;Pouilly-en-Auxois;0.99;-1.24;2.23
21554;Saint-Jean-de-Losne;-1.61;-2.58;0.97
21584;Saulieu;-1.03;-1.22;0.19
21603;Semur-en-Auxois;-0.23;-1.07;0.85
21607;Seurre;-0.66;-0.99;0.33
21663;Venarey-les-Laumes;-0.68;-0.14;-0.54
21710;Vitteaux;-0.27;-3.4;3.13
22004;Bégard;0.3;-0.71;1.02
22020;Broons;0.14;-1.76;1.9
22025;Callac;0.18;-2.23;2.41
22032;Caulnes;0.24;-0.62;0.86
22050;Dinan;0.7;-1.28;1.97
22070;Guingamp;0.49;-0.52;1.01
22084;Jugon-les-Lacs;0.32;0.06;0.26
22093;Lamballe-Armor;0.2;-0.18;0.38
22121;Lanvollon;0.9;-1.11;2.01
22136;Loudéac;0.25;-0.38;0.63
22137;Maël-Carhaix;-0.66;-1;0.35
22143;Matignon;0.61;-1.31;1.92
22147;Merdrignac;0.15;-0.91;1.06
22158;Guerlédan;0.26;-0.75;1
22162;Paimpol;-0.02;-1.5;1.48
22172;Plancoët;0.12;-0.73;0.85
22183;Plémet;0.49;-0.09;0.58
22194;Plestin-les-Grèves;0.17;-1.98;2.15
22203;Plœuc-L'Hermitage;0.23;-0.24;0.47
22206;Châtelaudren-Plouagat;0.63;-0.14;0.77
22207;Plouaret;0.54;-1.23;1.77
22222;Plouha;0.44;-1.68;2.12
22262;Quintin;-0.15;-1.64;1.48
22266;Rostrenen;0.56;-1.5;2.06
22321;Saint-Nicolas-du-Pélem;-1.25;-1.37;0.12
22362;Tréguier;-0.42;-3.01;2.59
23001;Ahun;-0.17;-1.2;1.03
23008;Aubusson;-1.94;-1.92;-0.02
23013;Auzances;-1.17;-1.92;0.75
23021;Bénévent-l'Abbaye;-1.15;-3.5;2.35
23025;Bonnat;0.57;-2.44;3
23030;Bourganeuf;-1.8;-1.5;-0.3
23031;Boussac;-0.45;-2.67;2.22
23045;Chambon-sur-Voueize;-1.33;-2.54;1.2
23061;Chénérailles;-0.46;-0.33;-0.13
23067;La Courtine;1.3;-1.25;2.55
23069;Crocq;0.25;-0.93;1.19
23070;Crozant;-0.97;-1.86;0.89
23075;Dun-le-Palestel;-0.54;-3.06;2.52
23076;Évaux-les-Bains;-1.14;-1.76;0.62
23079;Felletin;-1.59;-1.94;0.35
23089;Genouillac;-0.56;-0.85;0.29
23093;Gouzon;-0.24;-1.35;1.1
23100;Jarnages;-1.12;-0.49;-0.63
23105;Lavaveix-les-Mines;-1.1;-0.98;-0.13
23131;Mérinchal;-2.04;-1.07;-0.98
23176;La Souterraine;-1.24;-0.99;-0.25
23247;Saint-Vaury;-0.44;-0.91;0.47
24028;Beaumontois en Périgord;-0.92;-1.25;0.33
24035;Pays de Belvès;-1.57;-1.84;0.26
24064;Brantôme en Périgord;-0.25;-0.9;0.65
24068;Le Buisson-de-Cadouin;-0.46;-1.83;1.37
24164;Excideuil;0.16;-2.74;2.9
24167;Eymet;-0.81;-1.32;0.51
24212;Issigeac;-0.31;-2.39;2.08
24223;Lalinde;0.19;-1.52;1.71
24227;Lanouaille;-1.13;-2.16;1.03
24294;Montpon-Ménestérol;1.09;-1.28;2.37
24299;Mussidan;0.28;-1.24;1.52
24311;Nontron;-0.43;-1.24;0.81
24352;Ribérac;-0.45;-1.5;1.06
24354;La Roche-Chalais;0.27;-1.1;1.37
24376;Saint Aulaye-Puymangou;-0.4;-1.41;1.01
24396;Saint-Cyprien;-0.48;-1.17;0.7
24520;Sarlat-la-Canéda;-0.41;-0.8;0.39
24547;Terrasson-Lavilledieu;0.24;-0.68;0.92
24550;Thenon;0.03;-0.77;0.8
24551;Thiviers;-0.16;-1.42;1.26
25022;Arcey;0.57;0.1;0.47
25047;Baume-les-Dames;-0.81;-0.8;-0.01
25156;Pays-de-Clerval;-1.29;0.01;-1.31
25237;Fesches-le-Châtel;-0.33;0.18;-0.52
25259;Frasne;-0.2;0.12;-0.32
25315;L'Isle-sur-le-Doubs;-1.39;-0.82;-0.57
25334;Levier;0.95;-0.14;1.09
25411;Morteau;0.04;-0.04;0.08
25434;Ornans;0.25;-0.38;0.63
25463;Pont-de-Roide-Vermondans;-0.75;-0.65;-0.1
25475;Quingey;-0.61;-1.83;1.21
25505;Rougemont;-2.29;-1.58;-0.71
25512;Le Russey;1.54;0.51;1.03
25578;Valdahon;0.75;0.67;0.08
26063;Buis-les-Baronnies;-0.21;-1.86;1.65
26074;La Chapelle-en-Vercors;1.48;-0.45;1.92
26095;Cléon-d'Andran;2.18;-0.22;2.4
26108;Crest;0.96;-0.43;1.39
26113;Die;0.81;-0.97;1.78
26114;Dieulefit;0.72;-1.34;2.06
26165;Livron-sur-Drôme;0.71;0.23;0.48
26166;Loriol-sur-Drôme;0.34;0.4;-0.06
26220;Nyons;0.2;-1.65;1.85
26301;Saint-Donat-sur-l'Herbasse;0.96;-0.17;1.13
26307;Saint-Jean-en-Royans;-1.06;-0.82;-0.24
26333;Saint-Vallier;0.48;-1.07;1.55
27016;Les Andelys;-0.42;-0.35;-0.07
27022;Le Val d'Hazey;-1.05;0.31;-1.35
27049;Mesnil-en-Ouche;-0.83;-0.16;-0.67
27051;Beaumont-le-Roger;-1.42;-0.03;-1.39
27056;Bernay;-1.34;-0.77;-0.57
27065;Beuzeville;0.51;-0.3;0.82
27103;Bourg-Achard;1.95;-0.41;2.36
27105;Grand Bourgtheroulde;1.37;0.43;0.94
27112;Breteuil;-1.08;-1.19;0.1
27116;Brionne;-0.42;-0.75;0.33
27117;Broglie;-1.5;-0.09;-1.41
27151;Charleval;-1.15;-0.5;-0.65
27165;Conches-en-Ouche;-0.5;-0.59;0.09
27170;Cormeilles;0.16;-0.26;0.42
27198;Mesnils-sur-Iton;0.15;0.17;-0.02
27213;Vexin-sur-Epte;-0.22;0.43;-0.65
27226;Étrépagny;-0.81;-0.1;-0.71
27230;Ézy-sur-Eure;0.28;0.07;0.21
27246;Fleury-sur-Andelle;-0.46;0.13;-0.59
27275;Gaillon;-0.54;0.76;-1.3
27279;Gasny;-0.1;0.15;-0.24
27284;Gisors;0.07;-0.24;0.31
27355;Ivry-la-Bataille;-0.64;-0.46;-0.19
27377;Lyons-la-Forêt;-0.72;-1.75;1.04
27413;Montfort-sur-Risle;0.81;-0.09;0.89
27428;Le Neubourg;0.68;-0.93;1.6
27438;Nonancourt;0.03;0.35;-0.32
27448;Pacy-sur-Eure;-0.38;-0.7;0.32
27467;Pont-Audemer;-1.33;-0.9;-0.43
27469;Pont-de-l'Arche;-0.12;-0.04;-0.08
27470;Pont-Saint-Pierre;-0.4;0.12;-0.52
27493;Romilly-sur-Andelle;0.09;0.24;-0.15
27502;Rugles;-0.84;-1.52;0.68
27507;Saint-André-de-l'Eure;0.15;-0.2;0.35
27629;Thiberville;-0.5;-0.01;-0.49
27679;Verneuil d'Avre et d'Iton;-1.85;-0.6;-1.25
28018;Authon-du-Perche;-0.45;-1.34;0.88
28027;La Bazoche-Gouet;-0.29;-2.11;1.82
28059;Brezolles;-0.38;-1.03;0.65
28061;Brou;-0.63;-1.37;0.73
28089;Châteauneuf-en-Thymerais;-0.28;-0.59;0.31
28116;Courville-sur-Eure;-0.02;-0.55;0.53
28140;Épernon;0.03;0.85;-0.82
28149;La Ferté-Vidame;-3.66;-0.41;-3.25
28196;Illiers-Combray;-0.55;-1.14;0.59
28199;Janville-en-Beauce;-0.37;-0.63;0.26
28214;La Loupe;-1;-1.2;0.2
28279;Nogent-le-Roi;-0.52;-0.48;-0.04
28348;Saint-Lubin-des-Joncherets;0.08;-0.3;0.38
28373;Senonches;-0.59;-1.54;0.96
28387;Thiron-Gardais;-0.57;-2.36;1.8
28391;Toury;-0.34;0.25;-0.59
28393;Tremblay-les-Villages;-0.58;0.87;-1.45
29003;Audierne;-0.05;-1.67;1.62
29020;Briec;0.54;0.02;0.51
29024;Carhaix-Plouguer;-0.15;-1;0.85
29026;Châteaulin;-0.27;-0.67;0.41
29027;Châteauneuf-du-Faou;-0.19;-0.94;0.75
29039;Concarneau;1.2;-0.83;2.03
29042;Crozon;-0.62;-0.93;0.31
29043;Daoulas;0.6;-0.72;1.33
29046;Douarnenez;-0.05;-1.26;1.21
29053;Le Faou;1.03;-0.6;1.63
29055;Le Folgoët;0.56;0.05;0.51
29072;Guilvinec;-0.14;-1.5;1.37
29081;Huelgoat;-1.49;-2.87;1.38
29103;Landerneau;0.48;-0.28;0.76
29105;Landivisiau;0.21;-0.05;0.26
29117;Lannilis;0.7;-0.22;0.92
29124;Lesneven;0.2;-0.56;0.75
29135;Loctudy;-0.07;-1.22;1.14
29158;Penmarch;-1.02;-1.3;0.28
29160;Plabennec;0.52;0.14;0.38
29162;Pleyben;-0.62;-0.8;0.17
29163;Pleyber-Christ;0.59;-0.33;0.91
29178;Ploudalmézeau;0.14;-0.52;0.66
29195;Plouguerneau;0.49;-0.5;0.99
29197;Plouhinec;-0.33;-1.29;0.96
29199;Plouigneau;-0.06;-0.1;0.04
29210;Plouvorn;0.32;-0.1;0.43
29217;Pont-Aven;-0.06;-1.59;1.53
29220;Pont-l'Abbé;0.38;-1.03;1.41
29233;Quimperlé;0.4;-0.48;0.89
29241;Rosporden;0;-0.53;0.53
29259;Saint-Pol-de-Léon;0.39;-1.12;1.51
29260;Saint-Renan;0.52;-0.03;0.55
29274;Scaër;-0.56;-0.88;0.32
29277;Sizun;0.43;-0.45;0.88
29284;Treffiagat;0.14;-0.9;1.04
29293;Trégunc;0.02;-0.5;0.52
29302;Pont-de-Buis-lès-Quimerch;-1.22;-0.24;-0.97
2A041;Bonifacio;1.21;0.23;0.98
2A228;Pietrosella;3.63;-0.03;3.66
2A247;Porto-Vecchio;-0.86;0.6;-1.46
2A249;Propriano;-0.29;-0.15;-0.14
2A272;Sartène;1.28;-0.35;1.62
2A348;Vico;1.09;-0.95;2.04
2B050;Calvi;1.12;0.56;0.56
2B096;Corte;0.72;-0.18;0.9
2B123;Ghisonaccia;0.48;0.09;0.39
2B134;L'Île-Rousse;0.32;-0.36;0.68
2B152;Luri;0.36;-0.85;1.21
2B298;Saint-Florent;0.86;-0.47;1.33
30003;Aigues-Mortes;0.59;-0.06;0.64
30010;Anduze;-0.67;-1.06;0.39
30012;Aramon;-0.1;-0.06;-0.04
30029;Barjac;0.37;-1.06;1.43
30032;Beaucaire;-0.43;0.35;-0.78
30034;Bellegarde;2.06;0.54;1.53
30062;Calvisson;1.89;0.18;1.71
30132;La Grand-Combe;-0.79;-0.62;-0.17
30133;Le Grau-du-Roi;0.01;-1.06;1.06
30202;Pont-Saint-Esprit;0.51;-0.2;0.71
30210;Quissac;1.25;-0.12;1.37
30212;Remoulins;-0.47;0.41;-0.88
30221;Roquemaure;0.19;0.02;0.17
30227;Saint-Ambroix;0.84;-1.36;2.2
30258;Saint-Gilles;0.95;0.42;0.53
30259;Saint-Hilaire-de-Brethmas;1.69;-0.14;1.83
30263;Saint-Hippolyte-du-Fort;-0.82;-0.51;-0.32
30269;Saint-Jean-du-Gard;-0.85;-1.04;0.2
30321;Sommières;0.98;-0.07;1.05
30341;Vauvert;0.37;0.1;0.27
30350;Le Vigan;-0.83;-1.35;0.52
31020;Aspet;-0.22;-0.53;0.31
31028;Aurignac;0.56;-0.37;0.93
31033;Auterive;1.22;-0.02;1.24
31042;Bagnères-de-Luchon;-1.69;-1.57;-0.12
31080;Boulogne-sur-Gesse;0.65;-1.77;2.42
31098;Cadours;0.5;-1.05;1.55
31106;Caraman;0.43;0.04;0.38
31107;Carbonne;0.7;-0.34;1.04
31135;Cazères;-0.29;-0.39;0.1
31202;Fronton;1.68;0.11;1.57
31232;Grenade;0.52;-0.03;0.55
31239;L'Isle-en-Dodon;-0.49;-1.76;1.27
31324;Martres-Tolosane;0.49;-0.37;0.86
31396;Nailloux;1.6;-0.1;1.7
31454;Rieumes;0.45;-0.41;0.87
31503;Saint-Martory;1.82;-1.79;3.61
31523;Salies-du-Salat;-0.72;-1.56;0.84
31582;Villefranche-de-Lauragais;2.33;-0.24;2.58
31584;Villemur-sur-Tarn;0.83;-0.06;0.88
32079;Castelnau d'Auzan Labarrère;-0.73;-0.75;0.03
32096;Cazaubon;0.01;-1.24;1.25
32106;Cologne;-0.02;-2.06;2.05
32107;Condom;-0.58;-0.9;0.32
32119;Eauze;0.62;-0.97;1.59
32132;Fleurance;-0.46;-1.05;0.59
32147;Gimont;0.45;-0.69;1.14
32160;L'Isle-Jourdain;1.42;0.23;1.18
32208;Lectoure;-0.09;-1.54;1.45
32213;Lombez;0.41;-0.82;1.23
32233;Marciac;-0.56;-2.37;1.82
32242;Masseube;0.07;-1.9;1.96
32249;Mauvezin;0.69;-1.59;2.27
32252;Miélan;-0.69;-1.1;0.4
32256;Mirande;-0.14;-1.13;0.99
32285;Montesquiou;-0.32;-0.58;0.26
32296;Nogaro;1.47;-1.35;2.82
32319;Plaisance;-0.75;-2.34;1.59
32344;Riscle;-0.69;-1.57;0.88
32370;Saint-Clar;0.87;-1.38;2.25
32410;Samatan;0.36;-0.7;1.06
32426;Seissan;-0.02;-0.18;0.17
32459;Valence-sur-Baïse;-0.06;-0.49;0.43
32462;Vic-Fezensac;0.44;-1.34;1.78
33036;Bazas;0.23;-0.85;1.08
33042;Belin-Béliet;2.36;0.29;2.07
33058;Blaye;0.49;-0.73;1.22
33067;Bourg;0.5;-0.32;0.82
33081;Cadillac-sur-Garonne;0.14;-0.59;0.73
33108;Castillon-la-Bataille;1.1;-0.33;1.43
33138;Coutras;0.24;-0.32;0.56
33140;Créon;1.07;-0.03;1.1
33227;Langon;-0.1;-0.62;0.52
33240;Lesparre-Médoc;0.42;-0.41;0.83
33314;Pauillac;0.8;-0.24;1.04
33327;Podensac;0.61;-1.26;1.87
33352;La Réole;0.87;-0.5;1.37
33366;Saint-André-de-Cubzac;2.96;0.24;2.72
33389;Saint-Ciers-sur-Gironde;0.23;-0.63;0.86
33402;Sainte-Foy-la-Grande;1.34;-2.3;3.65
34028;Bédarieux;-0.53;-0.84;0.3
34069;Cazouls-lès-Béziers;0.76;0.06;0.7
34079;Clermont-l'Hérault;1.13;-0.27;1.39
34081;Colombiers;2;-0.46;2.46
34101;Florensac;0.34;-0.32;0.66
34111;Ganges;0.14;-1.37;1.51
34114;Gignac;1.89;0.4;1.49
34142;Lodève;-0.27;-0.65;0.38
34143;Loupian;0.26;0.22;0.04
34147;Magalas;0.79;-0.33;1.11
34150;Marseillan;-0.36;-0.65;0.29
34162;Montagnac;0.69;-0.15;0.84
34189;Olonzac;-1.05;-0.92;-0.12
34199;Pézenas;-0.77;-0.6;-0.17
34239;Saint-André-de-Sangonis;1.87;0.32;1.54
34245;Saint-Chinian;-0.2;-1.31;1.11
34284;Saint-Pons-de-Thomières;-1.43;-1.49;0.05
34293;La Salvetat-sur-Agout;0;N/A - division par 0;N/A - division par 0
35004;Val-Couesnon;-0.57;-1.07;0.49
35012;Bain-de-Bretagne;0.53;-0.1;0.63
35019;Bazouges-la-Pérouse;0.63;-0.75;1.38
35023;Bédée;1.19;0.81;0.38
35037;Bréal-sous-Montfort;1.79;0.9;0.89
35049;Cancale;0.85;-0.96;1.81
35069;Châteaugiron;1.6;0.53;1.07
35072;Châtillon-en-Vendelais;0.01;0.24;-0.23
35085;Combourg;0.95;-0.34;1.28
35093;Dinard;0.47;-1.21;1.68
35095;Dol-de-Bretagne;0.35;-0.72;1.08
35109;Étrelles;0.61;0.21;0.41
35124;Grand-Fougeray;0;N/A - division par 0;N/A - division par 0
35125;La Guerche-de-Bretagne;0.26;-0.91;1.16
35126;Guichen;1.49;0.4;1.09
35136;Janzé;0.6;-0.02;0.62
35152;Liffré;2.42;0.18;2.24
35162;Louvigné-du-Désert;-0.42;-0.98;0.56
35167;Martigné-Ferchaud;0.02;-0.65;0.67
35168;Val d'Anast;0.1;-0.17;0.28
35173;Melesse;2.9;0.58;2.32
35176;Guipry-Messac;0.75;0.06;0.69
35177;La Mézière;0.94;0.96;-0.02
35184;Montauban-de-Bretagne;2.12;0.03;2.09
35188;Montfort-sur-Meu;0.47;-0.31;0.78
35207;Noyal-sur-Vilaine;0.83;0.4;0.43
35219;Pipriac;0.76;-0.13;0.88
35222;Pleine-Fougères;0.04;-0.87;0.91
35223;Plélan-le-Grand;0.83;-0.09;0.92
35227;Pleumeleuc;1.46;1.16;0.3
35228;Pleurtuit;0.8;-0.19;0.99
35239;Retiers;1.04;-0.18;1.22
35251;Saint-Aubin-d'Aubigné;2.51;0.65;1.86
35253;Saint-Aubin-du-Cormier;1.57;0.1;1.47
35257;Maen Roch;1.29;-0.3;1.6
35282;Rives-du-Couesnon;0.58;1;-0.43
35284;Saint-Jouan-des-Guérets;1.35;0.01;1.34
35297;Saint-Méen-le-Grand;-0.03;-1.01;0.98
35308;Mesnil-Roc'h;0.7;0.31;0.39
35337;Tinténiac;1.75;0.06;1.69
36001;Aigurande;-1.17;-2.17;1
36005;Ardentes;-0.41;-0.08;-0.33
36006;Argenton-sur-Creuse;-0.36;-1.11;0.75
36018;Le Blanc;-0.96;-1.01;0.05
36031;Buzançais;0.12;-1.01;1.12
36034;Chabris;0.16;-0.87;1.04
36045;Châtillon-sur-Indre;-2.49;-2.28;-0.22
36046;La Châtre;-0.88;-1.5;0.62
36063;Déols;0.06;-0.14;0.19
36093;Levroux;-0.79;-1.09;0.3
36141;Neuvy-Saint-Sépulchre;-0.12;-0.47;0.35
36192;Saint-Gaultier;-0.95;-2.3;1.36
36208;Sainte-Sévère-sur-Indre;-0.42;-3.56;3.14
36228;Valençay;-1.28;-2.08;0.81
36230;Vatan;-1.02;-1.39;0.37
36241;Villedieu-sur-Indre;-0.6;-0.14;-0.46
37020;Beaulieu-lès-Loches;-0.36;-0.2;-0.16
37027;Bléré;-0.1;-0.8;0.7
37031;Bourgueil;-0.73;-0.99;0.26
37062;Château-la-Vallière;-0.47;-1.59;1.13
37063;Château-Renault;-1.05;-0.13;-0.92
37091;La Croix-en-Touraine;1.91;0.48;1.43
37115;Descartes;-1.47;-0.61;-0.86
37119;L'Île-Bouchard;-0.39;-1.84;1.45
37123;Langeais;-0.96;-0.09;-0.87
37130;Ligueil;-0.83;-1.99;1.15
37132;Loches;-0.32;-1.08;0.77
37167;Neuillé-Pont-Pierre;1.74;0.3;1.44
37189;Preuilly-sur-Claise;0.02;-2.94;2.96
37196;Richelieu;-1.47;-1.54;0.07
37225;Saint-Martin-le-Beau;0.08;0.52;-0.44
37226;Sainte-Maure-de-Touraine;-0.81;-1.19;0.38
38034;Beaurepaire;0.38;-0.37;0.75
38052;Le Bourg-d'Oisans;-0.93;-0.9;-0.03
38087;Chasse-sur-Rhône;1.25;0.87;0.38
38130;La Côte-Saint-André;0.21;-0.6;0.81
38138;Crémieu;0.88;-0.25;1.13
38226;Mens;0.48;-1.84;2.32
38269;La Mure;-0.25;-0.81;0.56
38314;Pontcharra;0.24;0.55;-0.32
38315;Le Pont-de-Beauvoisin;-0.06;-0.21;0.15
38412;Saint-Laurent-du-Pont;-0.2;-0.39;0.19
38416;Saint-Marcellin;-0.89;-0.23;-0.66
38509;La Tour-du-Pin;0.35;0.19;0.16
38517;Tullins;0.11;-0.18;0.29
38548;Villard-de-Lans;0.58;-0.15;0.73
39013;Arbois;-1.08;-1.03;-0.05
39016;Arinthod;-0.48;-1.97;1.49
39333;Moirans-en-Montagne;0.4;-0.24;0.63
39368;Hauts de Bienne;-0.7;0.33;-1.04
39434;Poligny;-0.38;-0.8;0.42
39478;Saint-Claude;-1.8;-0.37;-1.43
39500;Salins-les-Bains;-1.58;-2.12;0.55
40001;Aire-sur-l'Adour;0.33;-0.69;1.02
40002;Amou;0.18;-1.05;1.24
40102;Gabarret;-0.28;-2.41;2.13
40110;Geaune;1.88;-2.42;4.3
40117;Grenade-sur-l'Adour;-0.79;-0.45;-0.35
40119;Hagetmau;0.01;-0.61;0.63
40134;Labouheyre;0.72;-0.12;0.84
40194;Montfort-en-Chalosse;0.24;-1.48;1.71
40197;Morcenx-la-Nouvelle;-0.39;-1.32;0.93
40201;Mugron;-1.65;-2.05;0.41
40224;Peyrehorade;0.26;-0.79;1.05
40245;Roquefort;0.68;-1.14;1.82
40282;Saint-Sever;0.34;-0.62;0.96
40331;Villeneuve-de-Marsan;0.24;-1.04;1.28
41025;Bracieux;0.47;-1.6;2.07
41095;Fréteval;-0.91;-0.37;-0.55
41106;Lamotte-Beuvron;-0.66;-0.55;-0.11
41123;Marchenoir;1.09;-2.97;4.06
41136;Mer;0.09;-0.01;0.1
41143;Mondoubleau;-1.16;-2.35;1.19
41149;Montoire-sur-le-Loir;-0.69;-1.7;1.01
41151;Montrichard Val de Cher;-0.85;-1.21;0.36
41154;Morée;-0.03;-1.75;1.71
41159;Neung-sur-Beuvron;0.54;-1.55;2.09
41167;Veuzain-sur-Loire;-1.17;-0.56;-0.61
41171;Oucques La Nouvelle;-0.44;-0.16;-0.28
41173;Beauce la Romaine;-0.36;-0.14;-0.22
41198;Saint-Aignan;-0.36;-1.99;1.63
41232;Salbris;-1.48;-0.96;-0.52
41242;Selles-sur-Cher;-1.05;-1.31;0.27
41269;Vendôme;-0.99;-0.55;-0.44
42011;Balbigny;-0.8;-0.52;-0.28
42019;Boën-sur-Lignon;-1.46;-1.44;-0.02
42023;Bourg-Argental;0.27;-0.86;1.13
42052;Charlieu;0.08;-1.05;1.13
42059;Chazelles-sur-Lyon;0.79;-0.18;0.97
42094;Feurs;0.58;-0.43;1.01
42156;Neulise;0.53;-1.25;1.79
42159;Noirétable;-0.3;-1.64;1.33
42165;Panissières;-0.46;-1.08;0.61
42168;Pélussin;-0.34;-0.37;0.04
42181;Régny;-0.82;-0.58;-0.23
42204;Saint-Bonnet-le-Château;-0.82;-1.79;0.96
42224;Saint-Genest-Malifaux;0.25;-0.25;0.5
42230;Saint-Germain-Laval;-0.45;-1.18;0.73
42249;Saint-Just-la-Pendue;-0.06;-1.12;1.06
42289;Saint-Symphorien-de-Lay;0.45;-0.86;1.31
42304;Sury-le-Comtal;1.03;0.81;0.22
43003;Allègre;-1.66;-2.08;0.42
43012;Aurec-sur-Loire;0.19;-0.07;0.26
43016;Auzon;0.17;-0.43;0.6
43040;Brioude;-0.56;-0.93;0.36
43042;Cayres;-0.75;-1.12;0.37
43051;Le Chambon-sur-Lignon;-0.82;-1.01;0.2
43077;Costaros;-0.74;-0.27;-0.47
43080;Craponne-sur-Arzon;-0.65;-2.26;1.62
43087;Dunières;-1.36;-0.25;-1.11
43111;Landos;-0.47;-0.73;0.26
43112;Langeac;-1.46;-1.44;-0.02
43135;Le Monastier-sur-Gazeille;-0.27;-1.32;1.05
43137;Monistrol-sur-Loire;0.25;0.11;0.14
43141;Montfaucon-en-Velay;-1.57;-0.73;-0.84
43148;Paulhaguet;-0.53;-1.39;0.86
43154;Pradelles;-0.55;-2.91;2.36
43162;Retournac;0.44;-0.68;1.13
43163;Riotord;0.07;-0.96;1.03
43177;Saint-Didier-en-Velay;0.17;-0.48;0.65
43185;Sainte-Florine;0.99;-0.33;1.32
43200;Saint-Julien-Chapteuil;1.18;-0.65;1.82
43205;Saint-Just-Malmont;0.28;0.09;0.19
43224;Sainte-Sigolène;0.18;0.09;0.08
43234;Saugues;-1.27;-1.63;0.36
43244;Tence;0.09;-0.77;0.86
43267;Vorey;0.29;-1.01;1.31
43268;Yssingeaux;0.52;-0.41;0.92
44003;Ancenis-Saint-Géréon;1.09;0.02;1.07
44015;Blain;0.93;0.04;0.88
44043;Clisson;1.36;0.05;1.31
44067;Guémené-Penfao;0.03;-0.62;0.65
44069;Guérande;-0.15;-0.17;0.02
44071;Haute-Goulaine;0.94;0.02;0.92
44072;Herbignac;1.35;0.33;1.02
44084;Le Loroux-Bottereau;1.24;0.44;0.8
44087;Machecoul-Saint-Même;0.67;-0.15;0.82
44098;Missillac;1.03;-0.03;1.06
44110;Nort-sur-Erdre;1.48;0.26;1.22
44113;Nozay;0.57;-0.35;0.92
44116;Paimbœuf;-0.97;-0.92;-0.05
44129;Pontchâteau;0.73;0.18;0.55
44131;Pornic;3.11;-0.74;3.85
44154;Saint-Brevin-les-Pins;1.1;-0.81;1.91
44158;Saint-Étienne-de-Montluc;1.9;0.56;1.34
44161;Saint-Gildas-des-Bois;0.13;-0.76;0.89
44180;Vallons-de-l'Erdre;-0.17;0.12;-0.29
44186;Sainte-Pazanne;1.64;0.48;1.16
44188;Saint-Philbert-de-Grand-Lieu;1.15;0.53;0.62
44195;Savenay;1.97;0.02;1.95
44212;Vallet;1.15;0.38;0.77
44213;Loireauxence;0.07;0.17;-0.11
45028;Beaugency;0.27;-0.29;0.57
45030;Beaune-la-Rolande;0.03;-1.77;1.8
45053;Briare;-1.38;-0.57;-0.82
45082;Châteauneuf-sur-Loire;0.78;0.29;0.48
45085;Châtillon-Coligny;-0.43;-1.58;1.15
45115;Courtenay;-0.87;-0.97;0.1
45145;Ferrières-en-Gâtinais;0.47;-0.23;0.7
45146;La Ferté-Saint-Aubin;-0.11;-0.11;0
45187;Lorris;0.49;-0.84;1.33
45191;Le Malesherbois;-0.19;0.13;-0.32
45203;Meung-sur-Loire;0.78;-0.24;1.02
45224;Neuville-aux-Bois;1.82;-0.08;1.91
45248;Patay;1.31;-0.36;1.67
45258;Puiseaux;-0.05;-0.33;0.27
45315;Sully-sur-Loire;-0.71;-0.45;-0.26
46029;Biars-sur-Cère;-0.89;-0.15;-0.74
46038;Bretenoux;0.04;-1.06;1.09
46045;Cajarc;-0.16;-1.24;1.08
46063;Castelnau-Montratier;-0.8;-0.92;0.11
46066;Cazals;0.45;-2.42;2.87
46127;Gourdon;-1.5;-1.86;0.36
46128;Gramat;-0.78;-2;1.22
46143;Lacapelle-Marival;-0.08;-2.95;2.87
46148;Lalbenque;1.77;0.23;1.54
46173;Limogne-en-Quercy;0.76;-1.97;2.74
46182;Luzech;-0.11;-1.34;1.23
46185;Martel;0.36;-1.29;1.65
46201;Montcuq-en-Quercy-Blanc;0.92;-0.82;1.74
46225;Prayssac;0.05;-1.53;1.58
46231;Puy-l'Évêque;-0.87;-2.29;1.42
46251;Saint-Céré;-0.18;-1.25;1.06
46297;Salviac;-0.17;-1.94;1.77
46309;Souillac;-0.79;-1.2;0.41
46330;Vayrac;0;N/A - division par 0;N/A - division par 0
47004;Aiguillon;-0.89;-0.55;-0.35
47015;Astaffort;-0.26;-0.67;0.41
47021;Barbaste;-0.02;-0.56;0.54
47048;Cancon;0.05;-1.52;1.57
47052;Casteljaloux;-0.5;-1.31;0.82
47054;Castelmoron-sur-Lot;0.66;-2.15;2.82
47057;Castillonnès;-0.85;-1.64;0.78
47078;Damazan;0.25;-0.82;1.07
47086;Duras;-1.36;-2.29;0.93
47106;Fumel;-0.58;-1.02;0.44
47143;Lavardac;0.42;-0.73;1.15
47168;Miramont-de-Guyenne;-0.56;-1.63;1.07
47175;Monflanquin;0.25;-1.32;1.57
47179;Monsempron-Libos;-0.11;-0.7;0.59
47195;Nérac;-0.21;-0.76;0.55
47210;Port-Sainte-Marie;-0.85;-0.42;-0.43
47252;Sainte-Livrade-sur-Lot;0.52;-0.21;0.73
47324;Villeréal;0.09;-2.74;2.83
48017;Banassac-Canilhac;0.44;0.22;0.22
48034;La Canourgue;0.07;-0.68;0.76
48038;Bel-Air-Val-d'Ance;0.91;0.47;0.44
48039;Chanac;-0.26;0.1;-0.37
48061;Florac Trois Rivières;0.06;-0.26;0.33
48075;Ispagnac;0.17;-1.14;1.31
48080;Langogne;-0.16;-1.26;1.1
48092;Marvejols;-0.36;-0.87;0.51
48094;Massegros Causses Gorges;-0.42;-0.74;0.32
48096;Meyrueis;-1.1;-2.88;1.78
48099;Bourgs sur Colagne;-0.6;-0.49;-0.1
48140;Saint-Chély-d'Apcher;-0.24;-0.59;0.35
48146;Gorges du Tarn Causses;-1.41;0;-1.41
48156;Saint-Germain-du-Teil;-0.1;-0.81;0.72
49002;Allonnes;-0.58;-0.16;-0.42
49018;Baugé-en-Anjou;-0.15;-0.44;0.29
49063;Chalonnes-sur-Loire;0.02;-0.15;0.17
49080;Les Hauts-d'Anjou;0.05;0.16;-0.12
49125;Doué-en-Anjou;0.36;-0.26;0.63
49127;Durtal;-0.1;-0.08;-0.02
49180;Longué-Jumelles;-0.38;-0.28;-0.1
49215;Montreuil-Bellay;-1.24;-0.4;-0.84
49228;Noyant-Villages;-0.76;-0.59;-0.18
49244;Mauges-sur-Loire;-0.02;0.05;-0.07
49248;Ombrée d'Anjou;-0.24;-0.36;0.12
49261;Gennes-Val-de-Loire;-0.29;-0.06;-0.23
49331;Segré-en-Anjou Bleu;0.09;-0.16;0.25
49373;Lys-Haut-Layon;-0.29;-0.16;-0.13
50003;Agon-Coutainville;0.85;-1.6;2.45
50025;Avranches;0.24;-0.56;0.8
50031;Barneville-Carteret;-0.2;-1.98;1.77
50041;La Hague;-0.87;0.24;-1.11
50074;Brécey;0.6;-1.16;1.76
50076;Bréhal;0.97;-0.98;1.95
50082;Bricquebec-en-Cotentin;-0.29;0.14;-0.43
50099;Carentan-les-Marais;0;-0.53;0.54
50139;Condé-sur-Vire;0.1;0.14;-0.04
50147;Coutances;-0.65;-1.02;0.37
50197;Gavray-sur-Sienne;0.09;-0.43;0.53
50218;Granville;-0.77;-1.13;0.36
50236;La Haye;-0.18;-0.68;0.5
50237;La Haye-Pesnel;-1.24;-1.54;0.3
50267;Lessay;-0.04;-0.41;0.38
50292;Marigny-Le-Lozon;0.75;-0.35;1.1
50341;Montebourg;-0.66;-1.48;0.82
50359;Mortain-Bocage;-0.39;-1.26;0.87
50393;Percy-en-Normandie;0.03;-0.91;0.94
50394;Périers;-0.06;-1.72;1.67
50400;Picauville;-0.49;-0.45;-0.05
50402;Les Pieux;0.55;0.21;0.34
50410;Pontorson;-0.11;-1.26;1.14
50412;Port-Bail-sur-Mer;-0.98;-0.71;-0.28
50417;Quettehou;0.01;-0.26;0.27
50484;Saint-Hilaire-du-Harcouët;-0.94;-1.18;0.24
50487;Saint-James;-0.57;-0.94;0.37
50523;Sainte-Mère-Église;-0.96;-1.15;0.19
50539;Saint-Pierre-Église;0.25;-0.94;1.19
50551;Saint-Sauveur-le-Vicomte;-1.07;-1;-0.06
50562;Saint-Vaast-la-Hougue;-1.36;-1.76;0.41
50565;Sartilly-Baie-Bocage;0.32;-0.45;0.77
50582;Sourdeval;-0.44;-1.11;0.67
50591;Le Teilleul;-0.67;-2.15;1.48
50601;Torigny-les-Villes;0.33;-0.23;0.56
50615;Valognes;0.11;-1.02;1.14
50639;Villedieu-les-Poêles-Rouffigny;-0.23;-0.99;0.76
51217;Dormans;-0.1;-0.29;0.19
51248;Fère-Champenoise;-0.15;-0.17;0.02
51250;Fismes;1.1;-0.62;1.72
51380;Montmirail;-0.4;-1.14;0.74
51388;Mourmelon-le-Grand;-0.66;0.66;-1.33
51423;Pargny-sur-Saulx;-1.81;-0.29;-1.51
51507;Sainte-Menehould;0.01;-1.13;1.14
51531;Sermaize-les-Bains;-1.84;-0.81;-1.03
51535;Sézanne;-0.72;-0.83;0.11
51612;Blancs-Coteaux;-1;-1.49;0.49
52008;Andelot-Blancheville;-0.31;-0.52;0.21
52017;Arc-en-Barrois;-1.84;-2.65;0.82
52050;Biesles;-0.45;0.11;-0.56
52058;Bologne;-0.68;0.04;-0.72
52060;Bourbonne-les-Bains;-1.21;-1.57;0.36
52064;Bourmont-entre-Meuse-et-Mouzon;-1.4;-1.73;0.33
52074;Breuvannes-en-Bassigny;-0.37;-0.39;0.02
52093;Chalindrey;-0.41;-0.52;0.1
52114;Châteauvillain;-0.68;-1.5;0.82
52177;Doulaincourt-Saucourt;-1.74;-2.77;1.03
52197;Fayl-Billot;-0.58;-1.37;0.79
52211;Froncles;-2.05;-0.56;-1.5
52247;Illoud;-2.07;-0.61;-1.46
52250;Joinville;-1.66;-1.47;-0.19
52269;Langres;-0.19;-0.28;0.09
52331;La Porte du Der;-1.05;-1.16;0.11
52353;Nogent;-1.42;-1.46;0.04
52405;Le Montsaugeonnais;-1.72;-0.07;-1.65
52444;Saint-Blin;-2.34;-0.5;-1.85
52550;Wassy;-0.69;-1.28;0.59
53003;Ambrières-les-Vallées;-1.07;-1.08;0.01
53062;Château-Gontier-sur-Mayenne;-0.05;-0.37;0.32
53077;Cossé-le-Vivien;1;-0.47;1.47
53084;Craon;-0.28;-1.19;0.91
53096;Ernée;-0.53;-0.84;0.31
53097;Évron;-0.65;-0.83;0.18
53107;Gorron;-0.72;-1.54;0.82
53127;Lassay-les-Châteaux;-0.68;-2.08;1.4
53147;Mayenne;-0.15;-0.24;0.1
53152;Meslay-du-Maine;-0.6;-0.87;0.28
53161;Montsûrs;-0.62;-0.41;-0.2
53182;Port-Brillet;-0.26;-0.5;0.25
53185;Pré-en-Pail-Saint-Samson;-0.33;-0.62;0.29
53188;Renazé;-0.13;-0.99;0.86
53271;Villaines-la-Juhel;-1.24;-1.38;0.14
54039;Baccarat;-1.57;-0.92;-0.65
54076;Blainville-sur-l'Eau;-0.12;-0.02;-0.1
54099;Val de Briey;-0.61;-0.21;-0.4
54129;Cirey-sur-Vezouze;-0.93;-0.82;-0.11
54135;Colombey-les-Belles;-0.17;-0.46;0.29
54263;Homécourt;0.24;-0.07;0.31
54273;Jarny;-0.36;-0.38;0.02
54280;Jœuf;0.11;-0.46;0.57
54322;Longuyon;-0.65;-0.59;-0.06
54397;Neuves-Maisons;-0.72;0.03;-0.75
54400;Nomeny;-1.06;0.23;-1.29
54425;Piennes;-0.13;0.01;-0.14
54431;Pont-à-Mousson;-0.64;0.09;-0.73
54432;Pont-Saint-Vincent;-0.84;0.15;-0.99
54563;Vézelise;-0.82;-0.81;-0.01
55063;Bouligny;-1.19;-0.54;-0.64
55122;Commercy;-1.51;-0.72;-0.79
55181;Étain;-0.64;-0.28;-0.36
55291;Ligny-en-Barrois;-1.19;-0.92;-0.26
55351;Montmédy;-1.32;-0.09;-1.23
55427;Revigny-sur-Ornain;-1.25;0.03;-1.28
55463;Saint-Mihiel;-1.07;-1.01;-0.06
55502;Stenay;-1.74;-1.46;-0.27
55533;Vaucouleurs;-0.45;-1.54;1.08
56001;Allaire;0.36;-0.9;1.25
56007;Auray;0.57;-0.53;1.1
56010;Baud;-0.01;-0.33;0.32
56053;Elven;1.99;0.34;1.65
56057;Le Faouët;-0.04;-1.97;1.93
56061;La Gacilly;0.16;-0.57;0.73
56066;Gourin;-0.64;-1.05;0.42
56067;Grand-Champ;1.48;-0.06;1.54
56073;Guémené-sur-Scorff;-0.09;-2.83;2.74
56075;Guer;-0.62;0.31;-0.94
56083;Hennebont;0.27;-0.21;0.48
56091;Josselin;0.27;-2.1;2.36
56101;Languidic;0.58;0.22;0.36
56117;Locminé;1.79;0.28;1.51
56123;Malansac;0.58;-0.19;0.77
56127;Mauron;0.35;-1.29;1.63
56143;Muzillac;0.18;-0.86;1.04
56147;Nivillac;1.15;-0.07;1.22
56152;Le Palais;-0.18;-1.13;0.95
56165;Ploërmel;-0.14;-0.55;0.41
56166;Plouay;0.75;-0.15;0.9
56169;Plouhinec;0.15;-0.21;0.36
56184;Questembert;1.22;-0.21;1.43
56186;Quiberon;-0.86;-1.58;0.72
56190;Réguiny;-0.05;-0.05;0
56195;La Roche-Bernard;0.71;-0.05;0.76
56198;Rohan;-0.79;-0.15;-0.64
56222;Saint-Jean-Brévelay;0.58;-0.68;1.26
56240;Sarzeau;2.32;-1.27;3.58
56244;Sérent;1.2;-0.15;1.35
57089;Bitche;-0.88;-0.29;-0.59
57097;Boulay-Moselle;-0.29;-0.24;-0.05
57106;Bouzonville;-0.27;-0.39;0.12
57132;Château-Salins;-1.02;-1.16;0.14
57160;Creutzwald;-0.95;-0.36;-0.6
57177;Dieuze;-1.68;-0.94;-0.74
57207;Farébersviller;-0.66;0.11;-0.77
57240;Freyming-Merlebach;-0.04;-0.12;0.08
57332;Hombourg-Haut;-1.24;-0.36;-0.89
57483;Morhange;-0.52;-0.18;-0.33
57650;Sierck-les-Bains;0.58;0.17;0.4
58046;Cercy-la-Tour;-0.84;-1.63;0.8
58059;La Charité-sur-Loire;-1.01;-1.48;0.47
58062;Château-Chinon (Ville);-1.16;-0.79;-0.37
58065;Châtillon-en-Bazois;-0.67;-0.76;0.09
58079;Clamecy;-1.22;-0.8;-0.42
58083;Corbigny;-1.85;-2.19;0.33
58095;Decize;-1.45;-1.48;0.03
58131;Guérigny;0.25;-0.88;1.13
58134;Imphy;-1.34;-1.3;-0.04
58145;Lormes;-0.43;-1.92;1.49
58149;Luzy;0.06;-1.86;1.92
58151;La Machine;-0.86;-0.92;0.06
58182;Moulins-Engilbert;-1.09;-1.88;0.79
58218;Prémery;-0.34;-1.12;0.77
58227;Saint-Amand-en-Puisaye;-1.04;-1.77;0.73
58232;Saint-Benin-d'Azy;-0.35;-1.4;1.05
58250;Saint-Léger-des-Vignes;-1.74;-0.7;-1.05
58267;Saint-Saulge;-1.09;-2.04;0.95
58304;Varzy;-2.45;-2.24;-0.22
59008;Aniche;-0.61;0.52;-1.14
59015;Arleux;0.65;-0.45;1.1
59035;Avesnelles;-1.54;-0.3;-1.25
59036;Avesnes-sur-Helpe;-2.05;-0.49;-1.56
59037;Avesnes-les-Aubert;-0.1;-0.15;0.05
59053;Bavay;-0.46;-0.63;0.17
59136;Le Cateau-Cambrésis;-0.25;-0.2;-0.05
59139;Caudry;-0.99;-0.28;-0.71
59153;Condé-sur-l'Escaut;-0.41;0.06;-0.47
59249;Fourmies;-1.26;-0.06;-1.2
59331;Landrecies;-0.26;-0.25;-0.01
59481;Le Quesnoy;-0.52;-0.93;0.4
59525;Sains-du-Nord;-0.9;-0.12;-0.78
59571;Solesmes;-0.72;-0.37;-0.35
59574;Somain;-1.23;0.13;-1.36
60029;Auneuil;-0.48;0.13;-0.61
60103;Bresles;-0.7;-0.07;-0.63
60104;Breteuil;-1.44;-0.04;-1.4
60157;Clermont;-0.12;-0.42;0.31
60178;Crèvecœur-le-Grand;-0.37;-0.14;-0.22
60245;Formerie;-0.44;-0.3;-0.15
60286;Grandvilliers;-1.19;-1.32;0.13
60333;Lachapelle-aux-Pots;-0.3;0.07;-0.38
60395;Méru;-0.44;0.61;-1.05
60439;Mouy;0.08;0.27;-0.2
60471;Noyon;-1.11;0.29;-1.4
60509;Pont-Sainte-Maxence;-0.41;0.54;-0.95
60577;Saint-Germer-de-Fly;-0.13;0.18;-0.3
61007;Athis-Val de Rouvre;-0.31;-0.34;0.03
61038;Bellême;-1.2;-3.14;1.94
61063;Briouze;-0.32;-1.39;1.08
61074;Carrouges;-1.24;-3.27;2.03
61145;Domfront en Poiraie;-0.63;-1.02;0.39
61153;Écouché-les-Vallées;0.05;-0.76;0.81
61168;La Ferté Macé;-1.34;-1.33;-0.01
61181;Gacé;-0.99;-1.31;0.32
61214;L'Aigle;-0.48;-0.48;0
61230;Longny les Villages;-1.01;-1.17;0.16
61258;Le Mêle-sur-Sarthe;-1.76;-0.59;-1.16
61293;Mortagne-au-Perche;-0.49;-1.84;1.35
61339;Putanges-le-Lac;-0.55;-0.55;0
61345;Rémalard en Perche;-0.7;-0.35;-0.35
61464;Sées;-0.07;-1.68;1.61
61483;Bagnoles de l'Orne Normandie;0.04;-1.42;1.46
61484;Val-au-Perche;-1.71;0.11;-1.82
61486;Tinchebray-Bocage;-0.39;-0.84;0.45
61494;Trun;-1.27;-2.54;1.27
61508;Vimoutiers;-1.86;-2.15;0.28
62014;Aire-sur-la-Lys;-0.46;-0.25;-0.2
62048;Auchel;-0.82;0.01;-0.83
62060;Auxi-le-Château;-0.9;-0.74;-0.16
62063;Avesnes-le-Comte;-1.79;0.13;-1.92
62080;Bapaume;-0.96;-1.07;0.1
62186;Bully-les-Mines;-0.39;0.13;-0.52
62194;Calonne-Ricouart;-0.05;-0.14;0.1
62215;Carvin;0.79;0.34;0.45
62268;Desvres;-0.63;-0.33;-0.3
62361;Frévent;-1.34;-1.03;-0.31
62364;Fruges;-0.55;-0.95;0.4
62397;Guînes;-0.41;-0.05;-0.36
62447;Hesdin;0.07;-1.01;1.08
62516;Lillers;-0.34;0.02;-0.37
62534;Lumbres;-0.76;0.09;-0.85
62560;Marquise;-0.04;-0.27;0.23
62563;Mazingarbe;0.2;0.31;-0.11
62588;Montreuil-sur-Mer;-1.97;-2.12;0.15
62667;Le Portel;-0.66;0.1;-0.76
62758;Saint-Martin-Boulogne;-0.43;-0.01;-0.41
62894;Wimille;-0.98;-0.03;-0.95
62907;Libercourt;-0.61;0.35;-0.96
63001;Aigueperse;0.17;-0.95;1.12
63003;Ambert;-0.32;-0.81;0.5
63004;Les Ancizes-Comps;1.11;-0.53;1.64
63009;Ardes;2.69;-2.99;5.68
63010;Arlanc;-1.03;-1.14;0.11
63038;Besse-et-Saint-Anastaise;-0.46;-1.06;0.59
63040;Billom;0.22;-1.24;1.46
63047;La Bourboule;-0.32;-0.21;-0.11
63048;Bourg-Lastic;-0.21;-2.17;1.96
63050;Brassac-les-Mines;0.38;-0.93;1.31
63080;Champeix;1.05;-0.5;1.55
63103;Châtel-Guyon;0.27;-0.25;0.52
63116;Combronde;-0.17;-0.05;-0.12
63125;Courpière;-0.73;-0.88;0.15
63132;Cunlhat;0.77;-1.81;2.58
63165;Giat;-0.74;-1.41;0.68
63195;Lezoux;0.97;-0.66;1.63
63210;Maringues;0.21;-0.07;0.28
63236;Mont-Dore;-1.18;-1.62;0.44
63245;Mozac;-0.06;-0.12;0.06
63281;Pionsat;-0.83;-3.05;2.22
63283;Pontaumur;-0.58;-2.79;2.21
63285;Pontgibaud;-0.16;-0.91;0.75
63291;Puy-Guillaume;-0.09;-0.33;0.25
63295;Randan;0.5;-1.21;1.72
63305;Rochefort-Montagne;-0.88;-1.14;0.27
63338;Saint-Éloy-les-Mines;-1.09;-0.74;-0.35
63352;Saint-Germain-Lembron;0.63;-0.6;1.23
63354;Saint-Gervais-d'Auvergne;-1.13;-1.4;0.27
63415;Sauxillanges;1.17;-1.27;2.44
63457;Vic-le-Comte;0.7;0.13;0.57
63470;Volvic;1.18;0.25;0.93
64062;Arudy;0.31;-0.32;0.64
64063;Arzacq-Arraziguet;-0.7;-1.37;0.67
64233;Garlin;-0.77;-1.94;1.16
64256;Hasparren;2.43;0.12;2.31
64260;Hendaye;1.45;-0.22;1.67
64320;Laruns;0.01;-1.2;1.22
64331;Lembeye;-0.53;-0.66;0.13
64371;Mauléon-Licharre;-0.08;-1.23;1.14
64405;Morlaàs;0.8;0.05;0.75
64410;Mourenx;-1.84;-0.36;-1.48
64416;Navarrenx;0.14;-1.91;2.06
64417;Nay;-0.41;-1.1;0.69
64422;Oloron-Sainte-Marie;-0.31;-1.05;0.74
64430;Orthez;0.02;-0.67;0.69
64453;Pontacq;-0.07;-1.16;1.08
64485;Saint-Jean-Pied-de-Port;-0.87;-1.71;0.84
64493;Saint-Palais;1.74;-1.81;3.55
64499;Salies-de-Béarn;-0.7;-1.88;1.18
64513;Sauveterre-de-Béarn;-0.56;-1.92;1.35
64519;Serres-Castet;0.69;0.2;0.48
65025;Argelès-Gazost;-0.74;-1.54;0.8
65031;Arreau;-0.54;-0.11;-0.43
65059;Bagnères-de-Bigorre;-1.3;-1.51;0.21
65129;Castelnau-Magnoac;-0.04;-3.05;3.01
65138;Cauterets;-1.23;-0.35;-0.88
65258;Lannemezan;-0.24;-0.8;0.56
65287;Loures-Barousse;0.24;-3.64;3.89
65304;Maubourguet;-1.38;-1.77;0.4
65375;Rabastens-de-Bigorre;-0.25;-2.55;2.3
65388;Saint-Lary-Soulan;-0.29;-0.18;-0.12
65389;Saint-Laurent-de-Neste;0.66;-1.6;2.26
65447;Tournay;-1.15;0.08;-1.22
65452;Trie-sur-Baïse;-1.14;-2.38;1.24
65460;Vic-en-Bigorre;-0.7;-1.49;0.79
66003;Amélie-les-Bains-Palalda;0.34;-1.42;1.76
66004;Les Angles;0.34;-0.5;0.84
66009;Arles-sur-Tech;0.6;-1.73;2.33
66016;Banyuls-sur-Mer;-0.35;-1.58;1.22
66024;Le Boulou;-0.71;-0.61;-0.1
66025;Bourg-Madame;-0.14;-0.56;0.43
66049;Céret;-0.12;-0.96;0.84
66065;Elne;1.43;-0.14;1.57
66071;Estagel;0.37;-0.15;0.53
66088;Ille-sur-Têt;0.22;-0.94;1.16
66108;Millas;0.3;-0.25;0.55
66124;Font-Romeu-Odeillo-Via;-1.54;-0.18;-1.37
66125;Olette;-1.57;-0.83;-0.74
66130;Osséja;0.54;-0.43;0.98
66148;Port-Vendres;-0.92;-1.21;0.29
66149;Prades;0.23;-1.06;1.29
66164;Rivesaltes;0.79;-0.05;0.85
66167;Saillagouse;1.06;-0.29;1.36
66180;Saint-Laurent-de-la-Salanque;-0.48;-0.46;-0.01
66187;Saint-Paul-de-Fenouillet;-0.51;-1.57;1.05
66210;Thuir;1.67;-0.53;2.2
66222;Vernet-les-Bains;1.11;-1.88;3
66230;Vinça;1.23;-1.12;2.36
67020;Barembach;-1.16;-0.27;-0.89
67021;Barr;-0.22;0.02;-0.23
67061;Bouxwiller;-1.53;-0.52;-1
67066;La Broque;-0.68;-0.38;-0.3
67095;Diemeringen;-0.34;-0.63;0.29
67101;Dorlisheim;0.18;-0.86;1.04
67105;Drulingen;-0.84;-1.04;0.19
67176;Gundershoffen;0.66;0.15;0.51
67222;Ingwiller;-0.39;-0.66;0.27
67281;Marckolsheim;0.61;0.01;0.6
67282;Marlenheim;-0.02;-0.06;0.03
67291;Mertzwiller;0.1;-0.32;0.42
67300;Molsheim;0.12;0.03;0.09
67313;Mutzig;0.47;0.14;0.33
67324;Niederbronn-les-Bains;0.02;-0.52;0.54
67388;Reichshoffen;0.06;-0.16;0.22
67414;Rothau;-0.69;-0.51;-0.17
67434;Sarre-Union;-0.78;-0.63;-0.16
67448;Schirmeck;-1.46;-0.79;-0.67
67507;Villé;-0.64;-0.8;0.16
67520;Wasselonne;0.43;-0.24;0.67
67544;Wissembourg;-0.32;-0.44;0.12
68004;Altkirch;-0.39;-0.2;-0.19
68068;Dannemarie;0.09;-0.56;0.65
68162;Kaysersberg Vignoble;-1.01;-0.52;-0.49
68201;Masevaux-Niederbruck;-0.65;-0.92;0.28
68226;Munster;0.37;-1.05;1.43
68231;Neuf-Brisach;0.08;-0.76;0.84
68249;Orbey;-0.58;-0.46;-0.12
68287;Rouffach;-1.22;-0.37;-0.84
68298;Sainte-Marie-aux-Mines;-0.28;-0.49;0.21
68334;Thann;-0.28;-0.34;0.06
69006;Amplepuis;-0.78;-0.55;-0.23
69010;L'Arbresle;0.24;0.45;-0.21
69018;Beaujeu;0.29;-1.7;1.98
69019;Belleville-en-Beaujolais;1.22;0.24;0.98
69066;Cours;-0.88;-0.88;0
69141;Mornant;1.97;0.09;1.88
69171;Sain-Bel;1.34;0.52;0.82
69176;Soucieu-en-Jarrest;0.79;0.81;-0.02
69201;Sainte-Foy-l'Argentière;0.03;-0.19;0.22
69238;Saint-Symphorien-sur-Coise;0.39;-0.67;1.06
69248;Thizy-les-Bourgs;-0.78;-0.62;-0.15
69287;Saint-Bonnet-de-Mure;0.17;-0.22;0.39
69288;Saint-Laurent-de-Mure;0.7;0.38;0.32
69289;Saint-Pierre-de-Chandieu;0.19;0.31;-0.12
70026;Arc-lès-Gray;-0.53;-0.46;-0.07
70120;Champagney;-0.49;-0.01;-0.48
70122;Champlitte;-0.93;-0.96;0.03
70198;Dampierre-sur-Salon;-0.51;-1.74;1.23
70228;Faverney;0.64;0.12;0.52
70279;Gray;0.2;-1.56;1.76
70285;Héricourt;-0.26;0;-0.25
70292;Jussey;-1.17;-1.08;-0.09
70310;Lure;-0.69;-0.26;-0.43
70311;Luxeuil-les-Bains;-0.4;-0.64;0.24
70421;Port-sur-Saône;-0.27;0.21;-0.48
70451;Ronchamp;-0.37;-0.41;0.04
70467;Saint-Loup-sur-Semouse;-1.66;-0.92;-0.75
70482;Scey-sur-Saône-et-Saint-Albin;-0.22;-1.19;0.97
71047;Bourbon-Lancy;-1.33;-1.58;0.24
71073;Chagny;-0.64;-0.53;-0.11
71106;Charolles;0.37;-1.14;1.51
71120;Chauffailles;-0.22;-1.13;0.91
71133;La Clayette;-0.8;-1.54;0.75
71137;Cluny;0.64;-0.97;1.61
71157;Cuiseaux;-0.3;-1.89;1.59
71158;Cuisery;0.32;-2.48;2.8
71176;Digoin;-0.88;-0.8;-0.08
71178;Dompierre-les-Ormes;-0.76;0.35;-1.11
71190;Épinac;-0.64;-1.05;0.41
71192;Étang-sur-Arroux;-1.04;-1.1;0.06
71230;Gueugnon;-1.36;-0.86;-0.5
71263;Louhans;0.26;-1.09;1.35
71289;Matour;1.36;0.05;1.31
71310;Montchanin;-0.65;-0.8;0.15
71342;Paray-le-Monial;0.07;-1.13;1.2
71350;Pierreclos;-0.98;0.15;-1.13
71351;Pierre-de-Bresse;-0.07;-1.72;1.65
71394;Saint-Bonnet-de-Joux;0.4;-0.78;1.17
71512;Sennecey-le-Grand;-1.21;-0.64;-0.57
71543;Tournus;-0.11;-0.95;0.84
71545;Tramayes;0.49;-2.64;3.14
71566;Verdun-sur-le-Doubs;-2.92;-1.67;-1.25
72023;Ballon-Saint Mars;0.56;-0.74;1.31
72029;Beaumont-sur-Sarthe;0.35;-1.35;1.7
72035;Bessé-sur-Braye;-1.45;-1.18;-0.27
72039;Bonnétable;-0.61;-0.69;0.08
72042;Bouloire;0.3;-0.02;0.32
72050;Brûlon;-0.72;-0.49;-0.23
72068;La Chartre-sur-le-Loir;-1;-2.29;1.29
72071;Montval-sur-Loir;-1.09;-0.99;-0.1
72090;Connerré;-0.02;-0.11;0.09
72124;Écommoy;0.59;-0.24;0.82
72132;La Ferté-Bernard;-0.14;-0.74;0.6
72138;Fresnay-sur-Sarthe;-1;-1.09;0.09
72143;Le Grand-Lucé;0.13;-2.16;2.29
72168;Loué;-1.4;-0.63;-0.77
72176;Le Lude;-1.48;-0.98;-0.5
72179;Malicorne-sur-Sarthe;-0.26;-0.04;-0.23
72180;Mamers;-0.64;-0.72;0.08
72189;Marolles-les-Braults;-1.13;-2;0.87
72191;Mayet;-0.02;-1.06;1.04
72205;Montbizot;0.03;0.42;-0.39
72223;Noyen-sur-Sarthe;-0.26;0.18;-0.44
72231;Parigné-l'Évêque;1.48;0.01;1.46
72241;Montfort-le-Gesnois;-0.49;-0.45;-0.04
72269;Saint-Calais;-1.19;-1.98;0.79
72276;Saint-Cosme-en-Vairais;-0.93;-0.07;-0.86
72289;Sainte-Jamme-sur-Sarthe;-0.73;-0.35;-0.38
72329;Savigné-l'Évêque;0.15;0.16;-0.01
72334;Sillé-le-Guillaume;-0.9;-1.9;0.99
72363;Tuffé Val de la Chéronne;-0.06;-0.72;0.66
72373;Vibraye;-0.69;-1;0.31
73010;Entrelacs;0.81;0.32;0.49
73011;Albertville;0.73;0.07;0.66
73054;Bourg-Saint-Maurice;-0.09;-0.03;-0.07
73105;Les Échelles;0.65;0.44;0.22
73117;Fourneaux;0.83;-0.81;1.64
73157;Modane;-1.28;-0.5;-0.78
73171;Montmélian;-0.22;-0.43;0.21
73181;Moûtiers;-0.62;-0.52;-0.1
73204;Le Pont-de-Beauvoisin;0.13;-0.59;0.71
73215;Valgelon-La Rochette;0.4;-0.39;0.79
73236;Saint-Genix-les-Villages;-0.13;-0.18;0.06
73248;Saint-Jean-de-Maurienne;-0.59;-0.49;-0.11
73270;Saint-Pierre-d'Albigny;0.97;0.01;0.96
73303;Ugine;0.25;-0.24;0.49
74002;Alby-sur-Chéran;0.88;0.96;-0.08
74026;La Balme-de-Sillingy;0.46;0.74;-0.29
74042;Bonneville;0.36;0.7;-0.34
74043;Bons-en-Chablais;1.33;0.53;0.8
74056;Chamonix-Mont-Blanc;-0.5;0.32;-0.82
74081;Cluses;-0.36;0.58;-0.94
74096;Cruseilles;1.47;0.41;1.07
74119;Évian-les-Bains;0.45;0.06;0.4
74123;Faverges-Seythenex;-0.02;0;-0.02
74137;Groisy;2.22;0.87;1.34
74164;Marignier;-0.16;0.17;-0.33
74169;Marnaz;1.39;0.47;0.91
74224;La Roche-sur-Foron;-0.57;0.55;-1.13
74241;Saint-Jeoire;0.9;0.75;0.15
74256;Sallanches;1.09;0.2;0.9
74264;Scionzier;1.15;0.86;0.3
74276;Taninges;0.27;-0.19;0.46
74280;Thônes;0.13;0.26;-0.13
74282;Fillière;0.8;0.7;0.1
74311;Viuz-en-Sallaz;1.5;0.63;0.87
76034;Val-de-Scie;-0.19;0.31;-0.5
76035;Aumale;-1.62;-1.37;-0.25
76051;Bacqueville-en-Caux;0.07;0.33;-0.26
76057;Barentin;-0.13;0.16;-0.29
76114;Bolbec;-0.06;0.03;-0.09
76159;Cany-Barville;-0.62;0.02;-0.64
76164;Rives-en-Seine;-0.26;-0.88;0.63
76196;Criquetot-l'Esneval;0.29;-0.54;0.83
76219;Doudeville;-0.38;0.03;-0.41
76222;Duclair;-0.78;-0.54;-0.24
76254;Étretat;-1.95;-2.17;0.21
76255;Eu;-1.25;-0.88;-0.37
76258;Terres-de-Caux;0.56;-0.35;0.91
76276;Forges-les-Eaux;-0.67;-1.8;1.13
76302;Goderville;0.03;-0.12;0.15
76312;Gournay-en-Bray;-0.95;-0.76;-0.19
76329;Gruchet-le-Valasse;-0.32;0.14;-0.46
76392;Londinières;-0.6;-0.58;-0.03
76400;Luneray;-0.09;-1.42;1.33
76462;Neufchâtel-en-Bray;-0.17;-1.29;1.12
76495;Pavilly;-0.6;0.16;-0.76
76647;Saint-Romain-de-Colbosc;1.51;-0.83;2.34
76648;Saint-Saëns;-1.32;-1.01;-0.32
76655;Saint-Valery-en-Caux;-1.2;-0.91;-0.29
76700;Tôtes;-0.14;0.22;-0.36
76709;Le Trait;-1.14;-0.07;-1.07
76711;Le Tréport;-1.81;-0.84;-0.97
76752;Yerville;0.97;-0.67;1.63
76758;Yvetot;-0.97;-0.63;-0.34
77051;Bray-sur-Seine;0.98;-1.03;2.01
77053;Brie-Comte-Robert;2.43;0.7;1.73
77079;Champagne-sur-Seine;0.47;0.46;0.01
77100;Le Châtelet-en-Brie;-0.75;0;-0.75
77142;Crécy-la-Chapelle;1.86;0.12;1.74
77159;Donnemarie-Dontilly;-1;-0.38;-0.62
77182;La Ferté-Gaucher;0.06;-0.36;0.42
77183;La Ferté-sous-Jouarre;-0.03;0.31;-0.34
77296;Moissy-Cramayel;0.58;1.35;-0.77
77316;Moret-Loing-et-Orvanne;0.21;-0.15;0.35
77327;Nangis;0.58;0.57;0.02
77379;Provins;0.39;0.01;0.37
77385;Rebais;0.21;-0.59;0.8
77458;Souppes-sur-Loing;-0.98;0.09;-1.06
77475;Trilport;0.35;0.4;-0.05
78003;Ablis;1.36;0.55;0.81
78062;Beynes;0.14;0.46;-0.32
78089;Bonnières-sur-Seine;1.6;0.48;1.12
78217;Épône;0.3;0.56;-0.25
78255;Freneuse;-0.61;0.56;-1.17
78310;Houdan;0.76;-0.87;1.63
78321;Jouars-Pontchartrain;1;-0.17;1.17
78380;Maule;0.63;0.08;0.55
78402;Mézières-sur-Seine;0.85;0.65;0.21
78531;Rosny-sur-Seine;1.91;0.96;0.95
78537;Saint-Arnoult-en-Yvelines;-0.6;0.16;-0.76
79005;Airvault;-0.14;-0.84;0.7
79013;Argentonnay;0.01;-1.06;1.06
79057;Brioux-sur-Boutonne;-0.85;-1.69;0.83
79062;Cerizay;0.05;-0.23;0.28
79079;Mauléon;0.23;0.27;-0.04
79083;Chef-Boutonne;-1.39;-1.58;0.19
79101;Coulonges-sur-l'Autize;-0.13;-1.11;0.98
79148;Lezay;-0.45;-1.78;1.33
79170;Mauzé-sur-le-Mignon;0.74;-0.49;1.24
79174;Melle;-1.2;-1.18;-0.02
79179;Moncoutant-sur-Sèvre;0.21;-0.58;0.79
79195;Nueil-les-Aubiers;-0.14;-0.09;-0.05
79202;Parthenay;-0.53;-0.55;0.02
79270;Saint-Maixent-l'École;1.79;-0.45;2.24
79299;Saint-Varent;-0.4;-1.02;0.62
79307;Sauzé-Vaussais;-1.39;-1.21;-0.18
79311;Secondigny;-0.4;-1.39;0.99
79329;Thouars;-0.15;-0.32;0.17
80010;Ailly-sur-Noye;-0.81;-0.1;-0.71
80013;Airaines;-0.64;-0.6;-0.04
80182;Cayeux-sur-Mer;-1.03;-1.45;0.41
80186;Chaulnes;-0.17;0.23;-0.39
80211;Conty;0.49;-1.35;1.84
80212;Corbie;-0.31;-1.25;0.94
80222;Crécy-en-Ponthieu;-1.36;-1.41;0.06
80253;Doullens;-1.32;-0.54;-0.79
80318;Flixecourt;0.39;-0.06;0.45
80368;Friville-Escarbotin;-0.84;-0.53;-0.31
80410;Ham;-0.8;-0.8;0
80570;Moreuil;-0.03;-0.39;0.36
80585;Nesle;-0.48;-1.19;0.7
80606;Oisemont;-0.65;-1.02;0.37
80620;Péronne;-0.8;-1.08;0.28
80630;Poix-de-Picardie;-0.63;-0.99;0.37
80680;Rosières-en-Santerre;-0.25;0.04;-0.3
80685;Roye;-0.88;-0.72;-0.17
80688;Rue;-0.01;-1.58;1.57
80721;Saint-Valery-sur-Somme;-1.45;-2.1;0.65
81003;Alban;-0.14;-0.09;-0.05
81033;Blaye-les-Mines;-0.84;-0.09;-0.75
81037;Brassac;0.06;-1.1;1.16
81060;Carmaux;0.76;-0.76;1.51
81069;Cordes-sur-Ciel;-2.7;-3.09;0.39
81099;Gaillac;0.26;-0.36;0.61
81105;Graulhet;0.92;-0.19;1.11
81124;Lacaune;-0.25;-0.89;0.64
81140;Lavaur;0.2;-0.24;0.44
81145;Lisle-sur-Tarn;0.72;-0.44;1.16
81192;Murat-sur-Vèbre;1.03;-1.11;2.14
81219;Puylaurens;-0.33;-0.39;0.06
81220;Rabastens;0.98;-0.11;1.09
81222;Réalmont;0.73;-0.34;1.07
81271;Saint-Sulpice-la-Pointe;1.46;0.29;1.17
82013;Beaumont-de-Lomagne;0.11;-1.31;1.42
82022;Bourg-de-Visa;-0.35;-0.86;0.52
82037;Caussade;-0.09;-0.41;0.32
82038;Caylus;0.23;-1.59;1.82
82042;Cazes-Mondenard;0.26;-0.54;0.8
82087;Lafrançaise;-0.15;-0.26;0.11
82094;Lauzerte;-0.23;-1.87;1.64
82097;Lavit;0.82;-1.76;2.58
82112;Moissac;1.49;-0.08;1.57
82115;Monclar-de-Quercy;0.68;-0.49;1.17
82117;Montaigu-de-Quercy;-0.78;-0.94;0.16
82134;Nègrepelisse;0.43;-0.87;1.3
82151;Roquecor;-0.73;-0.2;-0.53
82155;Saint-Antonin-Noble-Val;0.46;-1.11;1.57
82186;Valence;-0.07;-0.85;0.78
83004;Les Arcs;0.99;0.03;0.97
83007;Aups;1.38;-1.15;2.53
83012;Barjols;-0.25;-0.84;0.59
83016;Le Beausset;0.89;-0.13;1.02
83031;Le Cannet-des-Maures;0.88;-0.01;0.89
83042;Cogolin;-0.86;0.24;-1.1
83071;La Londe-les-Maures;1.98;-0.52;2.5
83072;Lorgues;0.9;-0.54;1.45
83073;Le Luc;0.35;-0.13;0.48
83086;Le Muy;0.5;0.02;0.48
83107;Roquebrune-sur-Argens;1.52;-0.16;1.68
83116;Saint-Maximin-la-Sainte-Baume;1.59;0.1;1.49
83121;Salernes;-0.46;-0.81;0.36
84003;Apt;-1.93;-0.29;-1.64
84004;Aubignan;1.06;0.34;0.72
84019;Bollène;-0.01;0.21;-0.23
84026;Cadenet;0.55;-0.34;0.88
84054;L'Isle-sur-la-Sorgue;0.41;-0.17;0.57
84069;Malaucène;-0.55;-0.98;0.43
84072;Mazan;1.18;-0.07;1.26
84076;Mirabeau;2.58;0.6;1.98
84080;Monteux;0.59;0.42;0.17
84088;Pernes-les-Fontaines;1.8;-0.01;1.81
84123;Sault;-0.11;-0.82;0.71
84129;Sorgues;0.81;0.45;0.36
84133;La Tour-d'Aigues;0.59;-0.56;1.14
84137;Vaison-la-Romaine;-0.4;-0.99;0.59
84138;Valréas;-0.26;-0.54;0.28
85003;Aizenay;1.62;0.45;1.17
85018;Beauvoir-sur-Mer;-0.3;-1.13;0.83
85020;Benet;0.22;-0.59;0.8
85047;Challans;1.87;-0.41;2.28
85051;Chantonnay;0.34;0.04;0.29
85059;La Châtaigneraie;0.39;-1.56;1.95
85065;Chavagnes-en-Paillers;0.08;-0.48;0.57
85070;Coëx;1.28;-0.5;1.78
85109;Les Herbiers;0.47;-0.01;0.49
85113;L'Île-d'Yeu;0.37;-0.72;1.08
85128;Luçon;0.16;-1;1.16
85135;Mareuil-sur-Lay-Dissais;-0.2;-0.29;0.1
85151;Mortagne-sur-Sèvre;0.28;-0.17;0.44
85152;Les Achards;1.52;0.21;1.31
85154;Mouilleron-Saint-Germain;-0.6;-0.54;-0.06
85156;Moutiers-les-Mauxfaits;1.57;-0.67;2.24
85182;Pouzauges;0.22;-0.1;0.32
85215;Saint-Fulgent;0.32;0;0.32
85222;Saint-Gilles-Croix-de-Vie;0.94;-1.26;2.2
85226;Saint-Hilaire-de-Riez;2.06;-0.79;2.85
85288;Talmont-Saint-Hilaire;1.73;-0.49;2.22
86070;Chauvigny;-0.01;-0.76;0.74
86078;Civray;-0.67;-2.27;1.59
86082;Valence-en-Poitou;-0.19;-0.38;0.18
86092;Dangé-Saint-Romain;-0.4;-0.61;0.21
86103;Gençay;-0.24;-1.24;1
86112;L'Isle-Jourdain;0.16;-3.09;3.25
86128;Lencloître;0.13;-0.76;0.89
86137;Loudun;0.01;-1.02;1.03
86139;Lusignan;-0.4;-1.64;1.24
86140;Lussac-les-Châteaux;-0.38;-0.89;0.51
86160;Mirebeau;-0.41;-1.28;0.87
86165;Montmorillon;-0.49;-1.27;0.78
86193;Pleumartin;-0.53;-1.1;0.57
86207;La Roche-Posay;0.2;-0.49;0.69
87011;Bellac;-2.19;-1.24;-0.95
87032;Châlus;0.59;-2.11;2.71
87040;Châteauneuf-la-Forêt;-0.77;-2.84;2.07
87041;Châteauponsac;-0.09;-1.22;1.13
87059;Le Dorat;-1.82;-2.41;0.58
87064;Eymoutiers;0.31;-1.35;1.67
87106;Nexon;-0.37;-0.76;0.39
87126;Rochechouart;-0.48;-1.09;0.61
87154;Saint-Junien;0.34;-0.61;0.95
87161;Saint-Léonard-de-Noblat;-1.11;-1.23;0.12
87187;Saint-Yrieix-la-Perche;0.03;-1.15;1.18
88029;La Vôge-les-Bains;-1.3;-1.12;-0.17
88078;Bruyères;-0.73;-1.96;1.23
88090;Charmes;-0.5;-0.36;-0.14
88095;Châtenois;0.15;-0.07;0.21
88114;Contrexéville;-1.27;-0.15;-1.11
88124;Darney;-1.03;-2.18;1.14
88181;Fraize;-0.65;-1.42;0.77
88258;Lamarche;-2.47;-1.89;-0.58
88304;Mirecourt;-1.78;-0.91;-0.87
88310;Monthureux-sur-Saône;0.21;-1.35;1.56
88321;Neufchâteau;-0.09;-0.77;0.68
88349;Plainfaing;-1.21;-0.52;-0.68
88351;Plombières-les-Bains;-1.3;-1.32;0.02
88367;Rambervillers;-1.13;-0.41;-0.73
88372;Raon-l'Étape;-0.95;-0.63;-0.33
88383;Remiremont;-0.28;-0.65;0.37
88487;Le Val-d'Ajol;-0.15;-0.76;0.61
88516;Vittel;-1.39;-0.85;-0.54
88530;Xertigny;-0.33;-0.58;0.25
89025;Avallon;-1.06;-0.65;-0.4
89046;Bléneau;-2.65;-0.99;-1.66
89073;Champignelles;-2.43;-1.26;-1.17
89086;Charny Orée de Puisaye;-0.84;-0.92;0.08
89125;Courson-les-Carrières;-0.05;-1.32;1.26
89206;Joigny;-0.64;-0.11;-0.53
89257;Migennes;-0.04;-0.05;0.01
89344;Saint-Fargeau;-1.8;-1.72;-0.08
89345;Saint-Florentin;-1.08;-0.41;-0.67
89368;Saint-Sauveur-en-Puisaye;0.11;-2.25;2.36
89418;Tonnerre;-1.59;-0.86;-0.73
89419;Toucy;-1.02;-1.31;0.29
89461;Villeneuve-l'Archevêque;-0.76;-0.34;-0.42
90009;Beaucourt;-0.28;-0.46;0.17
90033;Delle;-0.2;0.01;-0.21
90052;Giromagny;-1.22;-1.43;0.21
90053;Grandvillars;0.02;0.01;0.01
91016;Angerville;0.79;0.57;0.21
91045;Ballancourt-sur-Essonne;0.48;0.24;0.24
91105;Breuillet;0.7;0.37;0.33
91111;Briis-sous-Forges;-1.31;0.46;-1.77
91200;Dourdan;0.92;0.05;0.88
91232;La Ferté-Alais;-1.14;0.08;-1.22
91338;Limours;-0.68;0.22;-0.9
91359;Maisse;0.39;0.1;0.28
91405;Milly-la-Forêt;-0.44;-0.43;0
95250;Fosses;0.62;0.94;-0.32
95351;Louvres;2.81;0.92;1.9
95355;Magny-en-Vexin;0.57;0.32;0.25
95370;Marines;-0.49;-0.39;-0.11
95652;Viarmes;0.55;0.08;0.47
97106;Bouillante;-1.54;-0.29;-1.25
97115;Lamentin;2.33;0.56;1.77
97116;Morne-à-l'Eau;-1.5;0.13;-1.63
97117;Le Moule;0.23;0.19;0.04
97128;Sainte-Anne;-0.07;0.29;-0.36
97130;Terre-de-Bas;-2.39;-1.42;-0.97
97131;Terre-de-Haut;-1.12;-0.36;-0.76
97202;Les Anses-d'Arlet;0.07;-0.28;0.35
97204;Le Carbet;-0.77;-0.15;-0.61
97220;Rivière-Pilote;-0.57;-0.03;-0.54
97223;Saint-Esprit;1.52;-0.11;1.64
97225;Saint-Pierre;-0.36;0.1;-0.46
97227;Sainte-Luce;-1.02;0.26;-1.28
97228;Sainte-Marie;-2.12;-0.19;-1.93
97230;La Trinité;-1.38;0.14;-1.53
97231;Les Trois-Îlets;-1.55;0.28;-1.83
97232;Le Vauclin;-1.29;-0.02;-1.27
97308;Saint-Georges;1.92;3.01;-1.09
97353;Maripasoula;-4.18;1.69;-5.87
97357;Grand-Santi;4.59;2.73;1.85
97362;Papaichton;-4.23;0.95;-5.18
97401;Les Avirons;0.42;0.84;-0.42
97402;Bras-Panon;0.78;0.93;-0.14
97403;Entre-Deux;0.78;0.37;0.41
97404;L'Étang-Salé;-0.58;0.76;-1.34
97405;Petite-Île;0.64;0.58;0.06
97406;La Plaine-des-Palmistes;1.72;0.97;0.75
97417;Saint-Philippe;-0.13;0.49;-0.63
97419;Sainte-Rose;-0.71;0.73;-1.44
97421;Salazie;-0.32;0.85;-1.17
97423;Les Trois-Bassins;-0.54;0.87;-1.41
97424;Cilaos;0.12;0.63;-0.5
97602;Bandraboua;N/A - résultat non disponible;N/A - résultat non disponible;N/A - résultat non disponible
97603;Bandrele;N/A - résultat non disponible;N/A - résultat non disponible;N/A - résultat non disponible
97614;Ouangani;N/A - résultat non disponible;N/A - résultat non disponible;N/A - résultat non disponible
